cluster,Overdoses,Hospitals,Median_Age,Average_Family_Size,Number of Roads,Traffic_Volume,Population,Population_Density,Area_Sq_Miles,Number of Local Law Enforcements,Number of Fire Departments,Crude Depression Prevalence Estimate,Percent_Male,Shannon_Weiner,Percent_H
0.0,2274.3333333333335,4.3533333333333335,40.30278833019749,2.986475888393957,1667.2066666666667,9645811.733333332,334818462.1333333,532728.5353333333,1758926.9322666668,5.806666666666667,24.813333333333333,18.69333333333333,0.5058372124922068,0.25184431736937607,0.10737167185070606
1.0,6683.5,6.6875,35.18442075855382,3.318134093011698,2466.4583333333335,36228860.770833336,8802456432.895834,6321850.395833333,11877355.691458335,5.916666666666667,14.416666666666666,18.925,0.5063727010967083,0.3618648639401724,0.5452882250481587
2.0,7145.98717948718,7.551282051282051,36.41984053499076,3.183860450253578,2735.5641025641025,36508511.679487176,2418195246.051282,3438429.446153846,3049272.263333333,8.025641025641026,22.307692307692307,17.953846153846154,0.49743268004056307,0.531116895413026,0.204097641943894
3.0,2244.278195488722,5.105263157894737,40.09179537185248,2.973314370468022,1789.1804511278197,8605576.556390977,272732357.0300752,456299.9887218045,1441676.4166917293,6.496240601503759,34.0,23.692481203007517,0.5007663223408938,0.20067711252614662,0.0446197257844884
4.0,4615.175324675325,7.525974025974026,38.70551994128519,3.023686470659097,2613.1363636363635,19956289.727272727,1744020832.8506494,2099046.9396103895,2222323.7456493503,8.792207792207792,38.94805194805195,22.094155844155843,0.4933666600031609,0.47107658539587843,0.0680150977112591
5.0,5008.5,6.75,38.0,2.8825,789.0,12889153.75,678511515.75,29189603.424999997,17637.0775,6.25,13.75,19.525,0.4912091947552876,0.48966694932529975,0.15652241545041437
